{
    "T_c2b": {
        "cam_right": [
            [
                -0.394,
                -0.918,
                0.034,
                0.239
            ],
            [
                -0.399,
                0.138,
                -0.907,
                0.351
            ],
            [
                0.828,
                -0.371,
                -0.421,
                0.626
            ],
            [
                0.0,
                0.0,
                0.0,
                1.0
            ]
        ],
        "cam_left": [
            [
                -1.0,
                0.023,
                0.001,
                0.478
            ],
            [
                0.009,
                0.456,
                -0.89,
                0.095
            ],
            [
                -0.021,
                -0.89,
                -0.456,
                1.129
            ],
            [
                0.0,
                0.0,
                0.0,
                1.0
            ]
        ]
    },
    "T_c2h": [
        [
            -0.015572,
            -0.999862,
            0.005866,
            -0.067827
        ],
        [
            0.999873,
            -0.015552,
            0.003441,
            -0.033603
        ],
        [
            -0.003349,
            0.005919,
            0.999977,
            -0.146653
        ],
        [
            0.000000,
            0.000000,
            0.000000,
            1.000000
        ]
    ]
}