{
    "cam_left": {
        "depth": [
            [
                384.6883239746094,
                0,
                322.6656799316406
            ],
            [
                0,
                384.6883239746094,
                241.76768493652344
            ],
            [
                0,
                0,
                1
            ]
        ],
        "color": [
            [
                607.558837890625,
                0,
                323.51959228515625
            ],
            [
                0,
                607.0466918945312,
                248.81329345703125
            ],
            [
                0,
                0,
                1
            ]
        ]
    },
    "cam_arm": {
        "depth": [
            [
                391.8874206542969,
                0,
                318.3891906738281
            ],
            [
                0,
                391.8874206542969,
                238.91831970214844
            ],
            [
                0,
                0,
                1
            ]
        ],
        "color": [
            [
                604.821533203125,
                0,
                318.8955078125
            ],
            [
                0,
                604.4179077148438,
                253.00257873535156
            ],
            [
                0,
                0,
                1
            ]
        ]
    },
    "cam_right": {
        "depth": [
            [
                386.22833251953125,
                0,
                320.6624755859375
            ],
            [
                0,
                386.22833251953125,
                234.03273010253906
            ],
            [
                0,
                0,
                1
            ]
        ],
        "color": [
            [
                608.0673828125,
                0,
                325.6200866699219
            ],
            [
                0,
                607.4309692382812,
                243.59327697753906
            ],
            [
                0,
                0,
                1
            ]
        ]
    }
}